Investigador,Nombre del producto,Tipo,Autores,Lugar,Año,Palabras,Aréa,Sectores
Prueba Monitores,Informe final proyecto 5567,Por definir,"PRUEBA MONITORES,"," ,",2017,,,
Prueba Monitores,determinacion y puesta en marcha de un sistema,Por definir,"PRUEBA MONITORES,"," ,",2017,,,
Prueba Monitores,informe final proyecto 5567,Por definir,"PRUEBA MONITORES,"," ,",2017,,,
Prueba Monitores,Determinación y puesta en marcha de un sistema,Por definir,"PRUEBA MONITORES,"," ,",2017,,,
Prueba Monitores,Informe final proyecto 5567,Por definir,"PRUEBA MONITORES,"," ,",2017,,,
Prueba Monitores,Informe final proyecto 5567,Por definir,"PRUEBA MONITORES,"," ,",2017,,,
Prueba Monitores,Determinación y puesta en marcha de un sistema,Por definir,"PRUEBA MONITORES,"," ,",2017,,,
Prueba Monitores,Determinacion y puesta en marcha de un sistema,Por definir,"PRUEBA MONITORES,"," ,",2017,,,
Prueba Monitores,Determinación y puesta en marcha de un sistema,Por definir,"PRUEBA MONITORES,"," ,",2017,,,
Prueba Monitores,Informe final de proyecto 5567,Por definir,"PRUEBA MONITORES,"," ,",2017,,,
Prueba Monitores,Determinación y puesta en marcha de un sistema,Por definir,"PRUEBA MONITORES,"," ,",2017,,,
Prueba Monitores,Determinación y puesta en marcha de un sistema,Por definir,"PRUEBA MONITORES,"," ,",2017,,,
Prueba Monitores,Determinación y puesta en marcha de un sistema,Por definir,"PRUEBA MONITORES,"," ,",2017,,,
Prueba Monitores,Determinacion y puesta eb marcha de un sistema,Por definir,"PRUEBA MONITORES,"," ,",2017,,,
Prueba Monitores,Informe final proyecto 5567,Por definir,"PRUEBA MONITORES,"," ,",2017,,,
Prueba Monitores,Informe final proyecto 5567.,Por definir,"PRUEBA MONITORES,"," ,",2017,,,
Prueba Monitores,Determinación y puesta en marcha de un sistema.,Por definir,"PRUEBA MONITORES,"," ,",2017,,,
Prueba Monitores,Informe final proyecto 5567,Por definir,"PRUEBA MONITORES,"," ,",2017,,,
Prueba Monitores,Informe final proyecto 5567,Por definir,"PRUEBA MONITORES,"," ,",2017,,,
Prueba Monitores,Informe final proyecto 5567,Por definir,"PRUEBA MONITORES,"," ,",2017,,,
Prueba Monitores,Informe final proyecto 5567,Por definir,"PRUEBA MONITORES,"," ,",2017,,,
Prueba Monitores,Informe final proyecto 5567,Por definir,"PRUEBA MONITORES,"," ,",2017,,,
Prueba Monitores,Determinación y puesta en marcha de un sistema,Por definir,"PRUEBA MONITORES,"," ,",2017,,,
Prueba Monitores,Informe final proyecto 5567,Por definir,"PRUEBA MONITORES,"," ,",2017,,,
Prueba Monitores,Determinación y puesta en marcha de un sistema,Por definir,"PRUEBA MONITORES,"," ,",2017,,,
Prueba Monitores,Determinación y puesta en marcha de un sistema,Por definir,"PRUEBA MONITORES,"," ,",2017,,,
Prueba Monitores,infomre final proyecto 5567,Por definir,"PRUEBA MONITORES,"," ,",2017,,,
Prueba Monitores,Informe final de proyecto 5567,Por definir,"PRUEBA MONITORES,"," ,",2017,,,
Prueba Monitores,Informe final proyecto 5567,Por definir,"PRUEBA MONITORES,"," ,",2017,,,
Prueba Monitores,Informe final proyecto 5567,Por definir,"PRUEBA MONITORES,"," ,",2017,,,
Prueba Monitores,Informe Final proyecto 5567,Por definir,"PRUEBA MONITORES,"," ,",2017,,,
